一年期意外险	一般意外
一年期意外险	一般意外
一年期意外险	津贴及车费
一年期意外险	津贴及车费
一年期意外险	交通意外
一年期意外险	交通意外
一年期意外险	交通意外
一年期意外险	交通意外
一年期意外险	医疗服务（赠送）
团体短期综合意外险	基础保障
团体短期综合意外险	基础保障
团体短期综合意外险	交通保障
团体短期综合意外险	交通保障
团体短期综合意外险	交通保障
团体短期综合意外险	交通保障
团体短期综合意外险	附加保障
团体短期综合意外险	附加保障
团体短期综合意外险	附加保障
团体短期综合意外险	附加保障
团体短期综合意外险	附加保障
团体短期综合意外险	专享服务
企业团体综合意外险	一般意外
企业团体综合意外险	一般意外
企业团体综合意外险	一般意外
企业团体综合意外险	疾病保障
企业团体综合意外险	疾病保障
企业团体综合意外险	交通意外
企业团体综合意外险	交通意外
企业团体综合意外险	交通意外
企业团体综合意外险	交通意外
企业团体综合意外险	交通意外
企业团体综合意外险	特色服务
团体国内旅游保险	意外保障
团体国内旅游保险	意外保障
团体国内旅游保险	意外保障
团体国内旅游保险	意外保障
团体国内旅游保险	附加保障
团体国内旅游保险	附加保障
团体国内旅游保险	附加保障
团体国内旅游保险	附加保障
团体国内旅游保险	附加保障
团体国内旅游保险	附加保障
团体国内旅游保险	专享服务
团体国内旅游保险	专享服务
团体国内旅游保险	专享服务
团体国内旅游保险	专享服务
团体国内旅游保险	专享服务
短期综合意外险	意外保障
短期综合意外险	意外保障
短期综合意外险	交通意外
短期综合意外险	交通意外
短期综合意外险	交通意外
短期综合意外险	交通意外
短期综合意外险	附加保障
短期综合意外险	附加保障
短期综合意外险	附加保障
短期综合意外险	附加保障
短期综合意外险	附加保障
短期综合意外险	专享服务
平安个人意外伤害险	一般意外
平安个人意外伤害险	一般意外
平安个人意外伤害险	医疗保障
平安个人意外伤害险	医疗保障
平安个人意外伤害险	医疗保障
平安个人意外伤害险	交通意外
平安个人意外伤害险	交通意外
平安个人意外伤害险	交通意外
平安个人意外伤害险	交通意外
平安个人意外伤害险	医疗服务
平安个人意外伤害险	医疗服务
平安行·国内自助游保险	人身意外
平安行·国内自助游保险	人身意外
平安行·国内自助游保险	人身意外
平安行·国内自助游保险	人身意外
平安行·国内自助游保险	人身意外
平安行·国内自助游保险	人身意外
平安行·国内自助游保险	人身意外
平安行·国内自助游保险	紧急救援
平安行·国内自助游保险	紧急救援
平安行·国内自助游保险	紧急救援
平安行·国内自助游保险	紧急救援
平安行·国内自助游保险	紧急救援
团体交通意外险	意外保障
团体交通意外险	意外保障
团体交通意外险	意外保障
团体交通意外险	意外保障
团体交通意外险	意外保障
儿童综合医疗保险	意外保障
儿童综合医疗保险	意外保障
儿童综合医疗保险	医疗保障
儿童综合医疗保险	医疗保障
儿童综合医疗保险	医疗保障
儿童综合医疗保险	医疗保障
儿童综合医疗保险	医疗保障
儿童综合医疗保险	医疗服务
儿童综合医疗保险	医疗服务
儿童综合医疗保险	医疗服务
中老年人综合医疗保险	意外保障
中老年人综合医疗保险	意外保障
中老年人综合医疗保险	医疗保障
中老年人综合医疗保险	医疗保障
中老年人综合医疗保险	医疗保障
中老年人综合医疗保险	其他保障
中老年人综合医疗保险	其他保障
中老年人综合医疗保险	其他保障
中老年人综合医疗保险	其他保障
中老年人综合医疗保险	其他保障
中老年人综合医疗保险	医疗服务
中老年人综合医疗保险	医疗服务
平安行·自驾旅游保险	人身意外
平安行·自驾旅游保险	人身意外
平安行·自驾旅游保险	人身意外
平安行·自驾旅游保险	人身意外
平安行·自驾旅游保险	人身意外
平安行·自驾旅游保险	紧急救援
平安行·自驾旅游保险	紧急救援
平安行·自驾旅游保险	紧急救援
平安行·自驾旅游保险	紧急救援
平安行·自驾旅游保险	紧急救援
职场综合医疗保险	意外保障
职场综合医疗保险	意外保障
职场综合医疗保险	医疗保障
职场综合医疗保险	医疗保障
职场综合医疗保险	医疗保障
职场综合医疗保险	医疗保障
职场综合医疗保险	交通保障
职场综合医疗保险	交通保障
职场综合医疗保险	交通保障
职场综合医疗保险	交通保障
职场综合医疗保险	医疗服务
职场综合医疗保险	医疗服务
平安行·境外留学保险	人身意外
平安行·境外留学保险	人身意外
平安行·境外留学保险	人身意外
平安行·境外留学保险	人身意外
平安行·境外留学保险	人身意外
平安行·境外留学保险	人身意外
平安行·境外留学保险	人身意外
平安行·境外留学保险	行李及财产损失
平安行·境外留学保险	行李及财产损失
平安行·境外留学保险	紧急救援
平安行·境外留学保险	紧急救援
平安行·境外留学保险	紧急救援
平安行·境外留学保险	紧急救援
平安行·境外留学保险	紧急救援
平安行·境外留学保险	紧急救援
平安行·境外留学保险	紧急救援
平安行·境外留学保险	紧急救援
航空意外险	交通意外
驾驶人意外险	基础保障
驾驶人意外险	基础保障
驾驶人意外险	道路紧急救援
平安行·高原旅游保险	人身意外
平安行·高原旅游保险	人身意外
平安行·高原旅游保险	人身意外
平安行·高原旅游保险	人身意外
平安行·高原旅游保险	紧急救援
平安行·高原旅游保险	紧急救援
平安行·高原旅游保险	紧急救援
平安行·高原旅游保险	紧急救援
平安行·高原旅游保险	紧急救援
成人重大疾病保险	基础保障
成人重大疾病保险	医疗服务
